id,name,model_id,group_id/id,operation,domain
rule_ow_mail_account_user,OW Mail account: own only,ow.mail.account,base.group_user,crud,"[('user_id','=',user.id)]"
rule_ow_mail_folder_user,OW Mail folder: own only,ow.mail.folder,base.group_user,crud,"[('account_id.user_id','=',user.id)]"
rule_ow_mail_tag_user,OW Mail tag: own only,ow.mail.tag,base.group_user,crud,"[('user_id','=',user.id)]"
rule_ow_mail_contact_user,OW Mail contact: own only,ow.mail.contact,base.group_user,crud,"[('user_id','=',user.id)]"
rule_ow_mail_trusted_sender_user,OW Mail trusted sender: own only,ow.mail.trusted.sender,base.group_user,crud,"[('user_id','=',user.id)]"
rule_ow_mail_preferences_user,OW Mail preferences: own only,ow.mail.preferences,base.group_user,crud,"[('user_id','=',user.id)]"
rule_ow_mail_compose_own,OW Mail compose: own only,ow.mail.compose,base.group_user,crud,"[('create_uid','=',user.id)]"
rule_ow_mail_connect_wizard_own,OW Mail connect wizard: own only,ow.mail.connect.wizard,base.group_user,crud,"[('create_uid','=',user.id)]"
rule_ow_mail_attach_record_own,OW Mail attach wizard: own only,ow.mail.attach.record,base.group_user,crud,"[('create_uid','=',user.id)]"
