id,name,model_id:id,group_id:id,perm_read,perm_write,perm_create,perm_unlink
access_ow_mail_account_user,ow.mail.account.user,model_ow_mail_account,base.group_user,1,1,1,1
access_ow_mail_folder_user,ow.mail.folder.user,model_ow_mail_folder,base.group_user,1,1,1,1
access_ow_mail_tag_user,ow.mail.tag.user,model_ow_mail_tag,base.group_user,1,1,1,1
access_ow_mail_contact_user,ow.mail.contact.user,model_ow_mail_contact,base.group_user,1,1,1,1
access_ow_mail_trusted_sender_user,ow.mail.trusted.sender.user,model_ow_mail_trusted_sender,base.group_user,1,1,1,1
access_ow_mail_compose,ow.mail.compose.user,model_ow_mail_compose,base.group_user,1,1,1,1
access_ow_mail_connect_wizard,ow.mail.connect.wizard.user,model_ow_mail_connect_wizard,base.group_user,1,1,1,1
access_ow_mail_attach_record,ow.mail.attach.record.user,model_ow_mail_attach_record,base.group_user,1,1,1,1
access_ow_mail_create_record,ow.mail.create.record.user,model_ow_mail_create_record,base.group_user,1,1,1,1
